case,case_wall_s,accepted_step_wall_s,newton_iterations,pcg_iterations,maximum_distribution_increment_error_primary,maximum_distribution_increment_error_expanded
baseline,17.840544041999237,17.39826554299998,12,229,,
grid12,2.612135958000181,2.4617112089999864,12,128,0.00827124252974845,
dt_coarse,9.239287417000014,9.013468832999934,6,140,0.02120358944786238,0.021296566664091358
dt_fine,25.500956208999924,25.243471583999053,24,374,0.011842975189275063,0.011897430730371163
tail_narrow,16.128055250000216,15.862841125001069,12,247,0.000667652142102078,0.0007108007851094918
tail_wide,13.90897620800024,13.671623708999505,12,202,0.0009004930332232109,0.000941528489375311
kernel02,15.141260290999526,14.904083626000102,12,228,0.005355866440122222,0.005353005279418832
kernel01,19.267937374999747,19.02373612500014,12,229,0.001355456268472673,0.0013547336012633255
tolerance,22.23164487500071,21.96104262500012,12,331,2.0420457581031167e-14,2.2896003339615928e-14
grid20,522.3026975000002,521.4336347509998,12,798,0.0026930633762592506,0.002787116720984676
