case,field,resolution,mean_delta_mu,second_moment,error,status
rutherford_L12.0,0.0,12.0,,,0.002001949166845096,unresolved
rutherford_L24.0,0.0,24.0,,,0.0008659371809541794,passed
rutherford_L48.0,0.0,48.0,,,0.0003921620455238084,passed
rutherford_L96.0,0.0,96.0,,,0.00018470226020794733,passed
energy_dt1.6,0.5,1.6,0.2110973338283275,,0.000539664801053157,unresolved
energy_dt0.8,0.5,0.8,0.2109923951703445,,0.0001891738127492788,unresolved
energy_dt0.4,0.5,0.4,0.2109470948272025,,1.9211019105525802e-06,unresolved
energy_dt0.2,0.5,0.2,0.21094761985342203,,3.566123394208627e-09,passed
phase_B0.5_N8,0.5,8,0.005728863921159913,0.0003845546635542825,5.249255627463842e-12,passed
phase_B0.5_N16,0.5,16,0.005524790478160747,0.0004101816470685152,5.392865317339181e-12,passed
phase_B0.5_N32,0.5,32,0.005522437795016935,0.0004104115088179037,5.392865317339181e-12,passed
phase_B0.5_N64,0.5,64,0.005522437594808182,0.0004104114555674977,9.317592260725556e-12,passed
phase_B1.0_N8,1.0,8,0.0008782074819649259,2.9552438286134695e-05,1.192708857679757e-11,passed
phase_B1.0_N16,1.0,16,0.000878053145530153,2.9564832182880234e-05,1.192708857679757e-11,passed
phase_B1.0_N32,1.0,32,0.0008780531445085654,2.9564832093496194e-05,1.192708857679757e-11,passed
phase_B1.0_N64,1.0,64,0.0008780531445120816,2.9564832093504495e-05,1.192708857679757e-11,passed
phase_B2.0_N8,2.0,8,5.007569063739657e-05,9.406059360103987e-07,3.384709199516203e-11,passed
phase_B2.0_N16,2.0,16,5.007568936674664e-05,9.406058602758583e-07,3.384709199516203e-11,passed
phase_B2.0_N32,2.0,32,5.0075689375799024e-05,9.40605860315136e-07,3.384709199516203e-11,passed
phase_B2.0_N64,2.0,64,5.007568937063273e-05,9.406058603135201e-07,3.384709199516203e-11,passed
boundary_L12.0,2.0,12.0,5.0125900969620916e-05,9.413494458521681e-07,,passed
boundary_L16.0,2.0,16.0,5.009477653900802e-05,9.408689096029761e-07,,passed
boundary_L24.0,2.0,24.0,5.0075689375799024e-05,9.40605860315136e-07,,passed
boundary_L32.0,2.0,32.0,5.007423875292452e-05,9.405851584758198e-07,,passed
