case,nodes,crossing_flux_per_density,conditional_mean_delta_mu,conditional_second_moment_delta_mu,conditional_drift_per_density,conditional_diffusion_per_density,max_energy_error
accepted,1024,1.260106088728493,2.4723828227680132e-06,1.270948887951739e-06,3.1154646486377118e-06,8.007652160853468e-07,4.433763337723897e-10
impact_3,768,1.2601060887284925,2.4612042654447884e-06,1.2666546707084367e-06,3.1013784804915145e-06,7.980596314380425e-07,3.963436772359342e-10
impact_4,1024,1.260106088728493,2.4723828227680132e-06,1.270948887951739e-06,3.1154646486377118e-06,8.007652160853468e-07,4.433763337723897e-10
impact_5,1280,1.2601060887284927,2.4728932311436053e-06,1.2711393527564737e-06,3.116107817339533e-06,8.008852190154139e-07,4.610514356899078e-10
parallel_3,768,1.2601073392058078,2.4750704278246e-06,1.271346893514359e-06,3.118854411153037e-06,8.010167755969741e-07,4.699756567174429e-10
parallel_4,1024,1.260106088728493,2.4723828227680132e-06,1.270948887951739e-06,3.1154646486377118e-06,8.007652160853468e-07,4.433763337723897e-10
parallel_5,1280,1.2601060786515828,2.4722889935219923e-06,1.2709443236354976e-06,3.115346388920466e-06,8.007623339204075e-07,4.83813808978203e-10
perpendicular_3,768,1.260108475404899,2.472405565895191e-06,1.2709434522676947e-06,3.1154992082227758e-06,8.007633079814418e-07,4.724721041594621e-10
perpendicular_4,1024,1.260106088728493,2.4723828227680132e-06,1.270948887951739e-06,3.1154646486377118e-06,8.007652160853468e-07,4.433763337723897e-10
perpendicular_5,1280,1.2601060966727555,2.47238289042314e-06,1.2709488712368115e-06,3.1154647535316085e-06,8.007652106024316e-07,4.3708924853659007e-10
phase_8,512,1.260106088728493,2.4724144237681947e-06,1.2709471455541118e-06,3.1155044692504504e-06,8.007641182824172e-07,3.8548105531907747e-10
phase_16,1024,1.260106088728493,2.4723828227680132e-06,1.270948887951739e-06,3.1154646486377118e-06,8.007652160853468e-07,4.433763337723897e-10
phase_32,2048,1.260106088728493,2.4723828524475712e-06,1.2709488878999469e-06,3.1154646860371035e-06,8.007652160527149e-07,4.433763337723897e-10
held_out_shifted_phase,1024,1.260106088728493,2.4723828821271284e-06,1.2709488878481495e-06,3.1154647234364944e-06,8.007652160200798e-07,4.1724364222565675e-10
boundary_18.0,1024,1.260106088728493,2.4722688715090086e-06,1.2709408836021277e-06,3.1153210579624222e-06,8.00760172920506e-07,4.159625535544558e-10
boundary_24.0,1024,1.260106088728493,2.4723828227680132e-06,1.270948887951739e-06,3.1154646486377118e-06,8.007652160853468e-07,4.433763337723897e-10
boundary_32.0,1024,1.260106088728493,2.4723317577642583e-06,1.2709443361632727e-06,3.1154003013155596e-06,8.007623482171663e-07,4.999887859000035e-10
