case,model,error,status
lorentz_ell0,lorentz,5.995204332975845e-15,passed
lorentz_ell1,lorentz,6.439293542825908e-15,passed
lorentz_ell2,lorentz,5.773159728050814e-15,passed
lorentz_ell3,lorentz,5.995204332975845e-15,passed
dougherty_covariance,dougherty,7.822292134566384e-10,passed
dougherty_nongaussian_strong_equation,dougherty,2.2066585601656872e-10,passed
landau_small_anisotropy_0.03,landau,3.393583148141363e-14,passed
landau_small_anisotropy_0.01,landau,7.107733826406482e-14,passed
landau_small_anisotropy_0.003,landau,7.112399151631996e-14,passed
landau_radial_8,landau,0.0033753843237819448,passed
landau_radial_12,landau,1.523811136058843e-05,passed
landau_radial_20,landau,1.0933429098602226e-11,passed
landau_radial_28,landau,4.1398329945811166e-14,passed
landau_cartesian_8,landau,0.08829650549527567,unresolved
landau_cartesian_16,landau,0.025631822801662915,unresolved
landau_cartesian_32,landau,0.006929625952822277,passed
landau_cartesian_48,landau,0.0031630973374112943,passed
landau_tail_5.0,landau,0.011172228761104113,unresolved
landau_tail_8.0,landau,1.9955981563415826e-06,passed
landau_tail_12.0,landau,9.569247153631493e-14,passed
landau_softening_0.2,landau,0.005210029423643184,passed
landau_softening_0.1,landau,0.0013336084757452412,passed
landau_softening_0.05,landau,0.0003360446563398219,passed
landau_softening_0.025,landau,8.422112904200263e-05,passed
landau_softening_0.0,landau,9.569247153631493e-14,passed
landau_gyrophase_8,landau,7.12035974801731e-14,passed
landau_gyrophase_16,landau,1.0208073653041139e-13,passed
landau_gyrophase_32,landau,7.090824862448853e-14,passed
