nx,nv,width,density_rate,density_exact,neutral_rate,neutral_exact,density_relative_error,pair_matrix_relative_residual,sampled_kernel_ratio,seconds,status
16,3,0.15,0.0007607664343499019,0.0018323876069313808,0.1637968100571242,0.1637968100571241,0.5848223206312096,9.775626805624602e-16,0.9953554258224895,0.001956291001988575,unresolved
32,3,0.15,0.0018315172754442223,0.0018323876069313808,0.16379681005712415,0.1637968100571241,0.00047497128002083164,7.355775496120707e-16,0.9888183580937528,0.005172708013560623,unresolved
64,3,0.15,0.0018323876069312184,0.0018323876069313808,0.16379681005712407,0.1637968100571241,8.863489625446404e-14,3.331748517508446e-15,0.9888130446112331,0.020141667017014697,passed
16,3,0.3,0.007203650939014372,0.0072074721102188865,0.16379681005712432,0.1637968100571241,0.0005301680181455835,1.9585644585253654e-15,0.9560208105609499,0.001473957992857322,unresolved
32,3,0.3,0.00720747211021891,0.0072074721102188865,0.16379681005712446,0.1637968100571241,3.2492344843739786e-15,2.5785699291554057e-15,0.9559974818330998,0.005059957999037579,passed
64,3,0.3,0.007207472110218521,0.0072074721102188865,0.16379681005712415,0.1637968100571241,5.0663989552646116e-14,4.8353956580976616e-15,0.9559974818331001,0.019964125007390976,passed
16,3,0.6,0.026982213892218,0.026982213892218086,0.1637968100571242,0.1637968100571241,3.214568461480318e-15,9.701916975068522e-16,0.8352702114112719,0.0014142500003799796,passed
32,3,0.6,0.026982213892217985,0.026982213892218086,0.16379681005712435,0.1637968100571241,3.728899415317169e-15,1.9399209034340176e-15,0.8352702114112719,0.005185375019209459,passed
64,3,0.6,0.026982213892217416,0.026982213892218086,0.16379681005712446,0.1637968100571241,2.4816468522628056e-14,1.3964444189493376e-14,0.8352702114112719,0.0274380829941947,passed
16,5,0.15,0.0007607664343498209,0.0018323876069313812,0.1637968100571243,0.16379681005712413,0.5848223206312538,1.2380709241489077e-15,0.9953554258224895,0.0037006250058766454,unresolved
32,5,0.15,0.0018315172754437975,0.0018323876069313812,0.16379681005712438,0.16379681005712413,0.00047497128025289167,5.176091973992875e-15,0.9888183580937528,0.015677791001508012,unresolved
64,5,0.15,0.0018323876069308263,0.0018323876069313812,0.16379681005712513,0.16379681005712413,3.028260340656521e-13,1.0763073221970827e-14,0.9888130446112331,0.07824887501192279,passed
16,5,0.3,0.0072036509390144415,0.007207472110218887,0.16379681005712432,0.16379681005712413,0.0005301680181360764,2.165533467520186e-15,0.9560208105609499,0.002070457994705066,unresolved
32,5,0.3,0.0072074721102185725,0.007207472110218887,0.16379681005712413,0.16379681005712413,4.368415251213904e-14,3.81503548218823e-15,0.9559974818330998,0.011456042004283518,passed
64,5,0.3,0.007207472110218328,0.007207472110218887,0.1637968100571271,0.16379681005712413,7.762060157115615e-14,2.8515433715597825e-14,0.9559974818331001,0.03236679200199433,passed
16,5,0.6,0.026982213892217985,0.02698221389221809,0.16379681005712438,0.16379681005712413,3.8574821537763814e-15,2.428390845900701e-15,0.8352702114112719,0.001957833010237664,passed
32,5,0.6,0.02698221389221843,0.02698221389221809,0.1637968100571248,0.16379681005712413,1.2601108369002846e-14,5.968498143033105e-15,0.8352702114112719,0.00906766700791195,passed
64,5,0.6,0.02698221389221961,0.02698221389221809,0.1637968100571258,0.16379681005712413,5.631923944513517e-14,2.1227470483396642e-14,0.8352702114112719,0.04362449998734519,passed
16,9,0.15,0.0007607664343499965,0.0018323876069313812,0.1637968100571244,0.16379681005712413,0.5848223206311581,2.5021419942830817e-15,0.9953554258224895,0.007755708007607609,unresolved
32,9,0.15,0.0018315172754442893,0.0018323876069313812,0.16379681005712468,0.16379681005712413,0.00047497127998450187,6.0518991245316696e-15,0.9888183580937528,0.033275124995270744,unresolved
64,9,0.15,0.0018323876069311629,0.0018323876069313812,0.16379681005712515,0.16379681005712413,1.191660087159483e-13,1.1399681112198279e-14,0.9888130446112331,0.18935195801896043,passed
16,9,0.3,0.007203650939014344,0.007207472110218887,0.1637968100571246,0.16379681005712413,0.0005301680181495547,4.9006242560748604e-15,0.9560208105609499,0.010975917015457526,unresolved
32,9,0.3,0.00720747211021895,0.007207472110218887,0.16379681005712443,0.16379681005712413,8.664625291663943e-15,5.561884259356719e-15,0.9559974818330998,0.0374845830083359,passed
64,9,0.3,0.007207472110218497,0.007207472110218887,0.16379681005712463,0.16379681005712413,5.415390807289964e-14,1.0220717680035663e-14,0.9559974818331001,0.16648091599927284,passed
16,9,0.6,0.02698221389221811,0.02698221389221809,0.16379681005712426,0.16379681005712413,7.714964307552762e-16,2.191328941304564e-15,0.8352702114112719,0.015216875006444752,passed
32,9,0.6,0.026982213892218256,0.02698221389221809,0.16379681005712537,0.16379681005712413,6.17197144604221e-15,1.424470164242388e-14,0.8352702114112719,0.05410070900688879,passed
64,9,0.6,0.02698221389221825,0.02698221389221809,0.16379681005712854,0.16379681005712413,5.914805969123784e-15,4.003474328751115e-14,0.8352702114112719,0.20895254198694602,passed
